{
  "version": 1,
  "author": "Milena e Gustavo",
  "editor": "wokwi",
  "parts": [
    { "type": "wokwi-esp32-devkit-v1", "id": "esp", "top": -76.67, "left": -178, "attrs": {} },
    { "type": "wokwi-dht22", "id": "dht1", "top": -84.7, "left": -21.84, "attrs": {} }
  ],
  "connections": [
    [ "esp:TX0", "$serialMonitor:RX", "", [] ],
    [ "esp:RX0", "$serialMonitor:TX", "", [] ],
    [ "dht1:GND", "esp:GND.1", "black", [ "v0" ] ],
    [ "esp:3V3", "dht1:VCC", "red", [ "v-0.79", "h65.53" ] ],
    [ "dht1:SDA", "esp:D15", "green", [ "v0" ] ]
  ]
}